<?xml version="1.0"?>
<opencv_storage>
<stage2>
  <maxWeakCount>3</maxWeakCount>
  <stageThreshold>-2.9583969712257385e-01</stageThreshold>
  <weakClassifiers>
    <_>
      <internalNodes>
        0 -1 7367 1.7285738140344620e-03</internalNodes>
      <leafValues>
        -6.9391304254531860e-01 9.1335642337799072e-01</leafValues></_>
    <_>
      <internalNodes>
        0 -1 55076 1.2277457863092422e-03</internalNodes>
      <leafValues>
        -4.5866507291793823e-01 8.6695522069931030e-01</leafValues></_>
    <_>
      <internalNodes>
        0 -1 64984 2.6631647720932961e-02</internalNodes>
      <leafValues>
        -7.5053101778030396e-01 6.7843985557556152e-01</leafValues></_></weakClassifiers></stage2>
</opencv_storage>
