<?xml version="1.0"?>
<opencv_storage>
<stage0>
  <maxWeakCount>2</maxWeakCount>
  <stageThreshold>2.7921723201870918e-02</stageThreshold>
  <weakClassifiers>
    <_>
      <internalNodes>
        0 -1 57726 -3.0130155384540558e-02</internalNodes>
      <leafValues>
        9.6888262033462524e-01 -8.9041095972061157e-01</leafValues></_>
    <_>
      <internalNodes>
        0 -1 56470 -4.2168214917182922e-02</internalNodes>
      <leafValues>
        9.1833269596099854e-01 -8.9495211839675903e-01</leafValues></_></weakClassifiers></stage0>
</opencv_storage>
